video_id,ptype,label,n_frames,mean_own,std_own,mean_tok_safe,std_tok_safe,mean_tok_near_crash,std_tok_near_crash,mean_tok_crash,std_tok_crash,mean_prompt_safe,std_prompt_safe,mean_prompt_near_crash,std_prompt_near_crash,mean_prompt_crash,std_prompt_crash
-2PbLgrSGfc,P_label,crash,8,29.793848037719727,2.960805892944336,23.58128547668457,1.5571479797363281,24.831207275390625,3.153515577316284,25.374080657958984,3.175525188446045,27.80918312072754,2.4680802822113037,29.619930267333984,3.0341227054595947,29.793848037719727,2.9608044624328613
2ykoE_FyWpI,P_label,crash,8,31.00031089782715,1.824830412864685,24.28097152709961,1.0783262252807617,26.93363380432129,2.3733057975769043,27.103404998779297,2.324596881866455,29.544395446777344,0.7970963716506958,31.165485382080078,1.4190365076065063,31.00031280517578,1.824828028678894
NqiIYzetr6g,P_label,crash,8,28.70144271850586,2.2674853801727295,24.244525909423828,1.7281118631362915,24.84084701538086,2.9727842807769775,25.284515380859375,2.9643893241882324,26.634557723999023,1.843130111694336,29.298786163330078,2.052079200744629,28.70144271850586,2.267484664916992
TIxUylmJeh4,P_label,crash,8,30.36575698852539,2.1265869140625,23.5930118560791,1.5921012163162231,25.81022834777832,3.069899797439575,26.480741500854492,3.0448646545410156,28.828529357910156,2.019361972808838,29.98492431640625,2.5176734924316406,30.365753173828125,2.126586437225342
Wc8mgFUCLsM,P_label,crash,8,32.661842346191406,1.2489386796951294,24.23430824279785,1.3097076416015625,26.394817352294922,2.2705130577087402,26.82660484313965,2.3642985820770264,31.21664810180664,0.9617341160774231,33.084449768066406,1.2064316272735596,32.66183853149414,1.2489373683929443
ZPv9uEcdrGI,P_label,crash,8,32.47394561767578,2.3958444595336914,24.743412017822266,1.7615394592285156,27.612125396728516,3.0825858116149902,27.717792510986328,2.871617078781128,30.359411239624023,1.9916430711746216,32.22988510131836,2.1765267848968506,32.473941802978516,2.3958418369293213
mMImGwGp_LY,P_label,crash,8,28.39219093322754,1.851919412612915,22.81828498840332,0.4499052166938782,23.69141960144043,1.0277767181396484,23.21262550354004,1.280190110206604,27.925657272338867,1.4419127702713013,28.359704971313477,1.6554648876190186,28.39219093322754,1.8519179821014404
v3HZHgZfU6M,P_label,crash,8,29.431381225585938,2.895218849182129,23.524898529052734,1.5384353399276733,25.559661865234375,2.8023874759674072,24.86147689819336,3.043931245803833,26.50115966796875,2.4556193351745605,28.590457916259766,3.2031970024108887,29.431379318237305,2.8952174186706543
w6ZUtZ3yYeA,P_label,crash,8,31.951101303100586,2.4617362022399902,23.800703048706055,1.5144503116607666,25.946304321289062,2.880563974380493,26.726133346557617,2.7782440185546875,30.346172332763672,1.6292108297348022,32.09737014770508,2.049612283706665,31.951099395751953,2.4617364406585693
xuXJVzOMu0I,P_label,crash,8,32.075927734375,1.312540888786316,26.3698787689209,0.7903748154640198,28.370359420776367,1.5939868688583374,28.266328811645508,1.8645334243774414,31.13619613647461,1.2955574989318848,32.730445861816406,1.2059484720230103,32.075931549072266,1.3125423192977905
-2PbLgrSGfc,P_label,near_crash,8,32.100528717041016,2.324934244155884,23.293346405029297,0.8632853627204895,23.98273468017578,2.0267672538757324,24.792713165283203,2.0716660022735596,30.76336097717285,1.6441439390182495,32.100528717041016,2.3249335289001465,31.362096786499023,2.0828869342803955
NqiIYzetr6g,P_label,near_crash,8,28.1916446685791,1.3722578287124634,21.376638412475586,0.3103993237018585,21.082632064819336,0.608479380607605,21.145811080932617,0.8334053158760071,25.77103042602539,1.397097110748291,28.1916446685791,1.3722611665725708,27.297527313232422,1.4597630500793457
TIxUylmJeh4,P_label,near_crash,8,31.160587310791016,2.110292911529541,23.71227264404297,1.2716140747070312,25.658483505249023,2.2985117435455322,25.08112335205078,2.6194710731506348,29.0573787689209,1.5820122957229614,31.16059112548828,2.1102895736694336,30.317768096923828,2.3096909523010254
Wc8mgFUCLsM,P_label,near_crash,8,27.571758270263672,1.9674397706985474,22.361221313476562,1.2478439807891846,23.003374099731445,2.119858980178833,23.39531898498535,2.03822922706604,25.090238571166992,2.17207407951355,27.571754455566406,1.9674406051635742,27.69632339477539,1.8784321546554565
ZPv9uEcdrGI,P_label,near_crash,8,30.685081481933594,1.5691238641738892,23.609569549560547,0.905350387096405,24.775390625,2.547595977783203,25.04256820678711,2.473266839981079,29.445556640625,1.978568196296692,30.685077667236328,1.5691227912902832,30.576316833496094,1.8765246868133545
mMImGwGp_LY,P_label,near_crash,8,28.638154983520508,1.4111887216567993,22.29006576538086,0.7255976796150208,23.13715171813965,1.568039894104004,23.433151245117188,1.5425429344177246,27.371150970458984,1.2475385665893555,28.638153076171875,1.4111887216567993,28.72288703918457,1.2924779653549194
v3HZHgZfU6M,P_label,near_crash,8,26.01348876953125,1.191211223602295,21.778324127197266,0.46871495246887207,22.50269317626953,0.7506831288337708,22.673620223999023,0.36854296922683716,25.492586135864258,0.9517614841461182,26.013486862182617,1.191210150718689,26.173587799072266,1.0314511060714722
w6ZUtZ3yYeA,P_label,near_crash,8,29.799898147583008,2.384944438934326,22.540252685546875,1.3316895961761475,23.221162796020508,1.9058020114898682,24.421878814697266,2.0249578952789307,28.880084991455078,2.503861427307129,29.799896240234375,2.3849453926086426,29.50046157836914,2.5750603675842285
xuXJVzOMu0I,P_label,near_crash,8,29.578916549682617,1.7861393690109253,23.18656349182129,0.41868385672569275,24.207273483276367,1.356261134147644,24.619579315185547,2.1834733486175537,28.213193893432617,0.9649767279624939,29.578914642333984,1.786138653755188,28.741987228393555,1.5241221189498901
-2PbLgrSGfc,P_label,safe,8,30.534324645996094,0.7355465888977051,23.761110305786133,0.3904472589492798,22.26378631591797,0.6702063083648682,22.261018753051758,0.7890483736991882,30.534324645996094,0.7355468273162842,31.099885940551758,0.6818482279777527,30.327980041503906,0.6926174759864807
2ykoE_FyWpI,P_label,safe,8,30.391647338867188,0.7939618825912476,23.830060958862305,0.49606451392173767,25.594451904296875,0.4778403639793396,24.726459503173828,0.498620867729187,30.391647338867188,0.7939619421958923,30.229339599609375,0.7686945199966431,29.700302124023438,0.806776225566864
NqiIYzetr6g,P_label,safe,8,31.210895538330078,0.9788128733634949,24.596467971801758,0.7369803786277771,25.673500061035156,0.8437319993972778,24.719606399536133,0.5240094661712646,31.210895538330078,0.9788142442703247,31.135963439941406,0.4881214499473572,30.503284454345703,0.5289815068244934
TIxUylmJeh4,P_label,safe,8,28.635234832763672,1.1394304037094116,22.114675521850586,0.45626088976860046,22.417837142944336,0.8819186091423035,22.126813888549805,0.7373332381248474,28.63523292541504,1.1394309997558594,28.542774200439453,1.0621742010116577,28.407691955566406,0.8978463411331177
ZPv9uEcdrGI,P_label,safe,8,27.442886352539062,1.8805673122406006,23.134979248046875,1.0438369512557983,22.44919204711914,1.0584853887557983,21.751829147338867,0.9993863105773926,27.44288444519043,1.880565881729126,27.940017700195312,1.602535367012024,27.65228843688965,1.6266422271728516
mMImGwGp_LY,P_label,safe,8,26.77092742919922,1.4024757146835327,21.441455841064453,0.8956395983695984,20.17496109008789,0.6804577708244324,19.942922592163086,0.4998842477798462,26.77092742919922,1.4024748802185059,27.719268798828125,0.986691415309906,26.519569396972656,1.1500053405761719
v3HZHgZfU6M,P_label,safe,8,29.12558364868164,1.3658078908920288,23.650680541992188,0.6882410049438477,23.984926223754883,0.834639310836792,22.51184844970703,0.8349777460098267,29.12558364868164,1.3658065795898438,29.42182159423828,1.693833351135254,29.36391258239746,1.4844253063201904
w6ZUtZ3yYeA,P_label,safe,8,28.439210891723633,0.20076003670692444,22.798078536987305,0.27697545289993286,23.14469337463379,0.5207468271255493,22.563417434692383,0.40632808208465576,28.439210891723633,0.20076175034046173,27.884944915771484,0.2746647000312805,27.30666732788086,0.19989746809005737
xuXJVzOMu0I,P_label,safe,8,31.328596115112305,1.0819449424743652,23.665311813354492,0.8440415263175964,24.06407928466797,0.8550617694854736,23.350231170654297,0.7626906633377075,31.328594207763672,1.081944465637207,31.4223575592041,1.1394803524017334,30.45793914794922,1.0028212070465088
-2PbLgrSGfc,P_scenario,crash,8,27.161279678344727,1.8554190397262573,23.867568969726562,0.9735206365585327,26.099437713623047,2.564074754714966,26.150516510009766,2.9345340728759766,25.529308319091797,0.8202563524246216,27.37822723388672,1.240655779838562,27.161277770996094,1.8554203510284424
NqiIYzetr6g,P_scenario,crash,8,33.9448356628418,0.7458387613296509,24.14643669128418,0.8118110299110413,26.804710388183594,1.7211145162582397,26.965757369995117,1.8302322626113892,32.261817932128906,1.1743905544281006,32.210899353027344,0.9763538837432861,33.9448356628418,0.7458412051200867
mMImGwGp_LY,P_scenario,crash,8,30.259336471557617,1.5063334703445435,23.614046096801758,0.528938353061676,25.601118087768555,2.1317827701568604,25.772071838378906,2.385985851287842,27.603742599487305,0.5761699676513672,27.698074340820312,1.4405642747879028,30.25933837890625,1.5063328742980957
v3HZHgZfU6M,P_scenario,crash,8,29.40774917602539,3.855226516723633,24.707977294921875,0.4985095262527466,25.947912216186523,2.2910008430480957,26.691770553588867,3.0858500003814697,28.103595733642578,2.2438464164733887,28.718433380126953,0.5632812976837158,29.407745361328125,3.855227470397949
Wc8mgFUCLsM,P_scenario,near_crash,8,27.804096221923828,1.2768479585647583,23.096343994140625,0.37396496534347534,23.839624404907227,1.2788175344467163,24.288440704345703,1.8042603731155396,26.08241844177246,1.0626914501190186,27.804096221923828,1.2768487930297852,29.433834075927734,0.5042913556098938
ZPv9uEcdrGI,P_scenario,near_crash,8,31.901992797851562,0.51615309715271,24.922449111938477,1.159170389175415,27.011974334716797,1.5191848278045654,26.563243865966797,1.6366935968399048,30.29017448425293,1.4875283241271973,31.90199851989746,0.51615309715271,28.204845428466797,1.119324803352356
mMImGwGp_LY,P_scenario,near_crash,8,26.447526931762695,2.044247627258301,22.37740135192871,0.7686086297035217,21.65580177307129,1.2513996362686157,21.775745391845703,1.1584993600845337,28.218461990356445,1.5352766513824463,26.447526931762695,2.044248104095459,28.22039222717285,2.3175370693206787
v3HZHgZfU6M,P_scenario,near_crash,8,31.286252975463867,1.390755295753479,22.842374801635742,0.9839391708374023,24.144485473632812,1.4483888149261475,24.22527313232422,1.1570165157318115,30.099424362182617,1.3973243236541748,31.286251068115234,1.3907556533813477,24.27872085571289,1.0639911890029907
w6ZUtZ3yYeA,P_scenario,near_crash,8,31.517963409423828,0.5496059656143188,22.326108932495117,0.963270902633667,21.817378997802734,1.0400389432907104,22.244604110717773,1.2373300790786743,31.081090927124023,2.056323766708374,31.51796531677246,0.5496033430099487,29.6914119720459,1.0776476860046387
-2PbLgrSGfc,P_scenario,safe,8,29.540401458740234,0.7651265263557434,25.458953857421875,0.2849828004837036,26.8612060546875,0.13161037862300873,26.808826446533203,0.3392554819583893,29.540401458740234,0.7651255130767822,30.735273361206055,0.780949592590332,29.80972671508789,0.6992282867431641
2ykoE_FyWpI,P_scenario,safe,8,28.58183479309082,1.1483349800109863,24.531869888305664,0.4879111051559448,25.87696647644043,0.6100200414657593,25.640295028686523,0.6677600741386414,28.581832885742188,1.1483356952667236,28.275123596191406,0.975456953048706,28.966716766357422,0.9855973720550537
NqiIYzetr6g,P_scenario,safe,8,29.194252014160156,1.7391022443771362,21.565113067626953,0.6810746192932129,20.126480102539062,0.8777433037757874,19.985471725463867,0.6049173474311829,29.194252014160156,1.7391012907028198,29.111616134643555,1.6941919326782227,27.95708656311035,1.2964407205581665
TIxUylmJeh4,P_scenario,safe,8,33.08480453491211,0.4741213023662567,23.052505493164062,0.41140908002853394,22.56403350830078,0.581300675868988,21.32961082458496,0.5224472284317017,33.08480453491211,0.47412243485450745,28.571502685546875,0.9760713577270508,24.084413528442383,1.268656611442566
Wc8mgFUCLsM,P_scenario,safe,8,30.249448776245117,1.629123330116272,22.731216430664062,0.48919498920440674,22.61882781982422,0.9429181814193726,21.486608505249023,0.7625671029090881,30.249446868896484,1.629124402999878,30.02351951599121,1.4282615184783936,28.888713836669922,1.7845336198806763
ZPv9uEcdrGI,P_scenario,safe,8,32.748775482177734,1.7073880434036255,24.22882080078125,0.9254491925239563,24.214374542236328,1.9909647703170776,22.47815704345703,1.8565846681594849,32.748779296875,1.7073882818222046,29.754657745361328,2.0426089763641357,27.92839813232422,0.88845294713974
mMImGwGp_LY,P_scenario,safe,8,31.89979362487793,1.0605454444885254,23.60893440246582,0.7735508680343628,24.49753189086914,1.4326810836791992,24.084341049194336,1.3709827661514282,31.899791717529297,1.0605441331863403,29.72589874267578,1.1042006015777588,31.199872970581055,1.1736667156219482
v3HZHgZfU6M,P_scenario,safe,8,28.717039108276367,2.2856202125549316,21.386375427246094,0.6766433119773865,20.581497192382812,1.2568572759628296,19.99812889099121,1.0894052982330322,28.717042922973633,2.2856204509735107,25.491907119750977,3.147413730621338,22.207746505737305,1.419822335243225
w6ZUtZ3yYeA,P_scenario,safe,8,33.8966064453125,0.6829413175582886,23.44983673095703,0.4256974160671234,22.041662216186523,0.4253966808319092,21.607067108154297,0.5109343528747559,33.896610260009766,0.6829408407211304,33.05852508544922,0.4566558599472046,30.299802780151367,0.6361556649208069
xuXJVzOMu0I,P_scenario,safe,8,33.70006561279297,3.8864586353302,23.63327407836914,1.4361791610717773,24.416702270507812,0.8819997906684875,23.48515510559082,1.083106279373169,33.70006561279297,3.886457681655884,29.795169830322266,3.7091822624206543,24.970186233520508,2.3728115558624268
